origin,destination,distance_meters,duration_seconds,duration_in_traffic_seconds,departure_time
"Ballygunge, Kolkata, West Bengal","Netaji Subhash Chandra Bose International Airport, Kolkata, West Bengal",19955,2288,1916,2024-09-02 17:22:03
"Ballygunge, Kolkata, West Bengal","Netaji Subhash Chandra Bose International Airport, Kolkata, West Bengal",19955,2288,1880,2024-09-02 18:22:03
"Ballygunge, Kolkata, West Bengal","Netaji Subhash Chandra Bose International Airport, Kolkata, West Bengal",19955,2288,1774,2024-09-02 19:22:03
"Ballygunge, Kolkata, West Bengal","Netaji Subhash Chandra Bose International Airport, Kolkata, West Bengal",19955,2288,1718,2024-09-02 20:22:03
"Ballygunge, Kolkata, West Bengal","Netaji Subhash Chandra Bose International Airport, Kolkata, West Bengal",19955,2288,1668,2024-09-02 21:22:03
"Ballygunge, Kolkata, West Bengal","Netaji Subhash Chandra Bose International Airport, Kolkata, West Bengal",19955,2288,1630,2024-09-02 22:22:03
"Ballygunge, Kolkata, West Bengal","Netaji Subhash Chandra Bose International Airport, Kolkata, West Bengal",19955,2288,1602,2024-09-02 23:22:03
"Ballygunge, Kolkata, West Bengal","Netaji Subhash Chandra Bose International Airport, Kolkata, West Bengal",19955,2288,1733,2024-09-03 00:22:03
"Ballygunge, Kolkata, West Bengal","Netaji Subhash Chandra Bose International Airport, Kolkata, West Bengal",19955,2288,1920,2024-09-03 01:22:03
"Ballygunge, Kolkata, West Bengal","Netaji Subhash Chandra Bose International Airport, Kolkata, West Bengal",19955,2288,2348,2024-09-03 02:22:03
"Ballygunge, Kolkata, West Bengal","Netaji Subhash Chandra Bose International Airport, Kolkata, West Bengal",19955,2288,2475,2024-09-03 03:22:03
"Ballygunge, Kolkata, West Bengal","Netaji Subhash Chandra Bose International Airport, Kolkata, West Bengal",19955,2288,2986,2024-09-03 04:22:03
"Ballygunge, Kolkata, West Bengal","Netaji Subhash Chandra Bose International Airport, Kolkata, West Bengal",19955,2288,2786,2024-09-03 05:22:03
"Ballygunge, Kolkata, West Bengal","Netaji Subhash Chandra Bose International Airport, Kolkata, West Bengal",19955,2288,2746,2024-09-03 06:22:03
"Ballygunge, Kolkata, West Bengal","Netaji Subhash Chandra Bose International Airport, Kolkata, West Bengal",19955,2288,2738,2024-09-03 07:22:03
"Ballygunge, Kolkata, West Bengal","Netaji Subhash Chandra Bose International Airport, Kolkata, West Bengal",19955,2288,2958,2024-09-03 08:22:03
"Ballygunge, Kolkata, West Bengal","Netaji Subhash Chandra Bose International Airport, Kolkata, West Bengal",19955,2288,3077,2024-09-03 09:22:03
"Ballygunge, Kolkata, West Bengal","Netaji Subhash Chandra Bose International Airport, Kolkata, West Bengal",19955,2288,3019,2024-09-03 10:22:03
"Ballygunge, Kolkata, West Bengal","Netaji Subhash Chandra Bose International Airport, Kolkata, West Bengal",19955,2288,2886,2024-09-03 11:22:03
"Ballygunge, Kolkata, West Bengal","Netaji Subhash Chandra Bose International Airport, Kolkata, West Bengal",19955,2288,3280,2024-09-03 12:22:03
"Ballygunge, Kolkata, West Bengal","Netaji Subhash Chandra Bose International Airport, Kolkata, West Bengal",19955,2288,3631,2024-09-03 13:22:03
"Ballygunge, Kolkata, West Bengal","Netaji Subhash Chandra Bose International Airport, Kolkata, West Bengal",19955,2288,3176,2024-09-03 14:22:03
"Ballygunge, Kolkata, West Bengal","Netaji Subhash Chandra Bose International Airport, Kolkata, West Bengal",19955,2288,2536,2024-09-03 15:22:03
"Ballygunge, Kolkata, West Bengal","Netaji Subhash Chandra Bose International Airport, Kolkata, West Bengal",19955,2288,2229,2024-09-03 16:22:03
"Ballygunge, Kolkata, West Bengal","New Town, Kolkata, West Bengal",16471,1910,1562,2024-09-02 17:22:03
"Ballygunge, Kolkata, West Bengal","New Town, Kolkata, West Bengal",16471,1910,1573,2024-09-02 18:22:03
"Ballygunge, Kolkata, West Bengal","New Town, Kolkata, West Bengal",16471,1910,1547,2024-09-02 19:22:03
"Ballygunge, Kolkata, West Bengal","New Town, Kolkata, West Bengal",16471,1910,1505,2024-09-02 20:22:03
"Ballygunge, Kolkata, West Bengal","New Town, Kolkata, West Bengal",16471,1910,1465,2024-09-02 21:22:03
"Ballygunge, Kolkata, West Bengal","New Town, Kolkata, West Bengal",16471,1910,1448,2024-09-02 22:22:03
"Ballygunge, Kolkata, West Bengal","New Town, Kolkata, West Bengal",16471,1910,1395,2024-09-02 23:22:03
"Ballygunge, Kolkata, West Bengal","New Town, Kolkata, West Bengal",16471,1910,1445,2024-09-03 00:22:03
"Ballygunge, Kolkata, West Bengal","New Town, Kolkata, West Bengal",16471,1910,1636,2024-09-03 01:22:03
"Ballygunge, Kolkata, West Bengal","New Town, Kolkata, West Bengal",16471,1910,2012,2024-09-03 02:22:03
"Ballygunge, Kolkata, West Bengal","New Town, Kolkata, West Bengal",16471,1910,2343,2024-09-03 03:22:03
"Ballygunge, Kolkata, West Bengal","New Town, Kolkata, West Bengal",16471,1910,2839,2024-09-03 04:22:03
"Ballygunge, Kolkata, West Bengal","New Town, Kolkata, West Bengal",16471,1910,2594,2024-09-03 05:22:03
"Ballygunge, Kolkata, West Bengal","New Town, Kolkata, West Bengal",16471,1910,2550,2024-09-03 06:22:03
"Ballygunge, Kolkata, West Bengal","New Town, Kolkata, West Bengal",16471,1910,2287,2024-09-03 07:22:03
"Ballygunge, Kolkata, West Bengal","New Town, Kolkata, West Bengal",16471,1910,2510,2024-09-03 08:22:03
"Ballygunge, Kolkata, West Bengal","New Town, Kolkata, West Bengal",16471,1910,2460,2024-09-03 09:22:03
"Ballygunge, Kolkata, West Bengal","New Town, Kolkata, West Bengal",16471,1910,2374,2024-09-03 10:22:03
"Ballygunge, Kolkata, West Bengal","New Town, Kolkata, West Bengal",16471,1910,2259,2024-09-03 11:22:03
"Ballygunge, Kolkata, West Bengal","New Town, Kolkata, West Bengal",16471,1910,2606,2024-09-03 12:22:03
"Ballygunge, Kolkata, West Bengal","New Town, Kolkata, West Bengal",16471,1910,2868,2024-09-03 13:22:03
"Ballygunge, Kolkata, West Bengal","New Town, Kolkata, West Bengal",16471,1910,2404,2024-09-03 14:22:03
"Ballygunge, Kolkata, West Bengal","New Town, Kolkata, West Bengal",16471,1910,2007,2024-09-03 15:22:03
"Ballygunge, Kolkata, West Bengal","New Town, Kolkata, West Bengal",16471,1910,1780,2024-09-03 16:22:03
"Ballygunge, Kolkata, West Bengal","Barasat, Kolkata, West Bengal",31032,3897,3999,2024-09-02 17:22:03
"Ballygunge, Kolkata, West Bengal","Barasat, Kolkata, West Bengal",31032,3897,3279,2024-09-02 18:22:03
"Ballygunge, Kolkata, West Bengal","Barasat, Kolkata, West Bengal",31032,3897,3002,2024-09-02 19:22:03
"Ballygunge, Kolkata, West Bengal","Barasat, Kolkata, West Bengal",31032,3897,2834,2024-09-02 20:22:03
"Ballygunge, Kolkata, West Bengal","Barasat, Kolkata, West Bengal",31032,3897,2735,2024-09-02 21:22:03
"Ballygunge, Kolkata, West Bengal","Barasat, Kolkata, West Bengal",31032,3897,2709,2024-09-02 22:22:03
"Ballygunge, Kolkata, West Bengal","Barasat, Kolkata, West Bengal",31032,3897,2680,2024-09-02 23:22:03
"Ballygunge, Kolkata, West Bengal","Barasat, Kolkata, West Bengal",31032,3897,2914,2024-09-03 00:22:03
"Ballygunge, Kolkata, West Bengal","Barasat, Kolkata, West Bengal",31032,3897,3507,2024-09-03 01:22:03
"Ballygunge, Kolkata, West Bengal","Barasat, Kolkata, West Bengal",31032,3897,4033,2024-09-03 02:22:03
"Ballygunge, Kolkata, West Bengal","Barasat, Kolkata, West Bengal",31032,3897,4440,2024-09-03 03:22:03
"Ballygunge, Kolkata, West Bengal","Barasat, Kolkata, West Bengal",31032,3897,4949,2024-09-03 04:22:03
"Ballygunge, Kolkata, West Bengal","Barasat, Kolkata, West Bengal",31032,3897,4812,2024-09-03 05:22:03
"Ballygunge, Kolkata, West Bengal","Barasat, Kolkata, West Bengal",31032,3897,4778,2024-09-03 06:22:03
"Ballygunge, Kolkata, West Bengal","Barasat, Kolkata, West Bengal",31032,3897,4827,2024-09-03 07:22:03
"Ballygunge, Kolkata, West Bengal","Barasat, Kolkata, West Bengal",31032,3897,4846,2024-09-03 08:22:03
"Ballygunge, Kolkata, West Bengal","Barasat, Kolkata, West Bengal",31032,3897,4845,2024-09-03 09:22:03
"Ballygunge, Kolkata, West Bengal","Barasat, Kolkata, West Bengal",31032,3897,4768,2024-09-03 10:22:03
"Ballygunge, Kolkata, West Bengal","Barasat, Kolkata, West Bengal",31032,3897,4739,2024-09-03 11:22:03
"Ballygunge, Kolkata, West Bengal","Barasat, Kolkata, West Bengal",31032,3897,5236,2024-09-03 12:22:03
"Ballygunge, Kolkata, West Bengal","Barasat, Kolkata, West Bengal",31032,3897,5591,2024-09-03 13:22:03
"Ballygunge, Kolkata, West Bengal","Barasat, Kolkata, West Bengal",31032,3897,5055,2024-09-03 14:22:03
"Ballygunge, Kolkata, West Bengal","Barasat, Kolkata, West Bengal",31032,3897,4573,2024-09-03 15:22:03
"Ballygunge, Kolkata, West Bengal","Barasat, Kolkata, West Bengal",31032,3897,4011,2024-09-03 16:22:03
"Ballygunge, Kolkata, West Bengal","Victoria Memorial, Kolkata, West Bengal",6403,1309,1024,2024-09-02 17:22:03
"Ballygunge, Kolkata, West Bengal","Victoria Memorial, Kolkata, West Bengal",6518,1344,973,2024-09-02 18:22:03
"Ballygunge, Kolkata, West Bengal","Victoria Memorial, Kolkata, West Bengal",6403,1309,890,2024-09-02 19:22:03
"Ballygunge, Kolkata, West Bengal","Victoria Memorial, Kolkata, West Bengal",6403,1309,824,2024-09-02 20:22:03
"Ballygunge, Kolkata, West Bengal","Victoria Memorial, Kolkata, West Bengal",6403,1309,805,2024-09-02 21:22:03
"Ballygunge, Kolkata, West Bengal","Victoria Memorial, Kolkata, West Bengal",6403,1309,795,2024-09-02 22:22:03
"Ballygunge, Kolkata, West Bengal","Victoria Memorial, Kolkata, West Bengal",6518,1344,838,2024-09-02 23:22:03
"Ballygunge, Kolkata, West Bengal","Victoria Memorial, Kolkata, West Bengal",6518,1344,915,2024-09-03 00:22:03
"Ballygunge, Kolkata, West Bengal","Victoria Memorial, Kolkata, West Bengal",6518,1344,1211,2024-09-03 01:22:03
"Ballygunge, Kolkata, West Bengal","Victoria Memorial, Kolkata, West Bengal",9617,1459,1451,2024-09-03 02:22:03
"Ballygunge, Kolkata, West Bengal","Victoria Memorial, Kolkata, West Bengal",6247,1297,1356,2024-09-03 03:22:03
"Ballygunge, Kolkata, West Bengal","Victoria Memorial, Kolkata, West Bengal",6518,1344,1548,2024-09-03 04:22:03
"Ballygunge, Kolkata, West Bengal","Victoria Memorial, Kolkata, West Bengal",6518,1344,1762,2024-09-03 05:22:03
"Ballygunge, Kolkata, West Bengal","Victoria Memorial, Kolkata, West Bengal",6518,1344,1877,2024-09-03 06:22:03
"Ballygunge, Kolkata, West Bengal","Victoria Memorial, Kolkata, West Bengal",6518,1344,1881,2024-09-03 07:22:03
"Ballygunge, Kolkata, West Bengal","Victoria Memorial, Kolkata, West Bengal",6518,1344,1961,2024-09-03 08:22:03
"Ballygunge, Kolkata, West Bengal","Victoria Memorial, Kolkata, West Bengal",6518,1344,1910,2024-09-03 09:22:03
"Ballygunge, Kolkata, West Bengal","Victoria Memorial, Kolkata, West Bengal",6518,1344,1845,2024-09-03 10:22:03
"Ballygunge, Kolkata, West Bengal","Victoria Memorial, Kolkata, West Bengal",6518,1344,1823,2024-09-03 11:22:03
"Ballygunge, Kolkata, West Bengal","Victoria Memorial, Kolkata, West Bengal",6518,1344,1861,2024-09-03 12:22:03
"Ballygunge, Kolkata, West Bengal","Victoria Memorial, Kolkata, West Bengal",6518,1344,1847,2024-09-03 13:22:03
"Ballygunge, Kolkata, West Bengal","Victoria Memorial, Kolkata, West Bengal",6518,1344,1629,2024-09-03 14:22:03
"Ballygunge, Kolkata, West Bengal","Victoria Memorial, Kolkata, West Bengal",6518,1344,1431,2024-09-03 15:22:03
"Ballygunge, Kolkata, West Bengal","Victoria Memorial, Kolkata, West Bengal",6518,1344,1198,2024-09-03 16:22:03
"Ballygunge, Kolkata, West Bengal","Esplanade, Kolkata, West Bengal",5063,999,809,2024-09-02 17:22:03
"Ballygunge, Kolkata, West Bengal","Esplanade, Kolkata, West Bengal",5064,994,774,2024-09-02 18:22:03
"Ballygunge, Kolkata, West Bengal","Esplanade, Kolkata, West Bengal",5064,994,735,2024-09-02 19:22:03
"Ballygunge, Kolkata, West Bengal","Esplanade, Kolkata, West Bengal",5064,994,688,2024-09-02 20:22:03
"Ballygunge, Kolkata, West Bengal","Esplanade, Kolkata, West Bengal",5064,994,662,2024-09-02 21:22:03
"Ballygunge, Kolkata, West Bengal","Esplanade, Kolkata, West Bengal",5064,994,637,2024-09-02 22:22:03
"Ballygunge, Kolkata, West Bengal","Esplanade, Kolkata, West Bengal",5064,994,609,2024-09-02 23:22:03
"Ballygunge, Kolkata, West Bengal","Esplanade, Kolkata, West Bengal",5064,994,671,2024-09-03 00:22:03
"Ballygunge, Kolkata, West Bengal","Esplanade, Kolkata, West Bengal",5064,994,770,2024-09-03 01:22:03
"Ballygunge, Kolkata, West Bengal","Esplanade, Kolkata, West Bengal",5064,994,1102,2024-09-03 02:22:03
"Ballygunge, Kolkata, West Bengal","Esplanade, Kolkata, West Bengal",5064,994,956,2024-09-03 03:22:03
"Ballygunge, Kolkata, West Bengal","Esplanade, Kolkata, West Bengal",5064,994,1166,2024-09-03 04:22:03
"Ballygunge, Kolkata, West Bengal","Esplanade, Kolkata, West Bengal",5064,994,1313,2024-09-03 05:22:03
"Ballygunge, Kolkata, West Bengal","Esplanade, Kolkata, West Bengal",5064,994,1368,2024-09-03 06:22:03
"Ballygunge, Kolkata, West Bengal","Esplanade, Kolkata, West Bengal",7801,1067,1401,2024-09-03 07:22:03
"Ballygunge, Kolkata, West Bengal","Esplanade, Kolkata, West Bengal",7801,1067,1590,2024-09-03 08:22:03
"Ballygunge, Kolkata, West Bengal","Esplanade, Kolkata, West Bengal",6075,1227,1520,2024-09-03 09:22:03
"Ballygunge, Kolkata, West Bengal","Esplanade, Kolkata, West Bengal",7801,1067,1450,2024-09-03 10:22:03
"Ballygunge, Kolkata, West Bengal","Esplanade, Kolkata, West Bengal",7801,1067,1315,2024-09-03 11:22:03
"Ballygunge, Kolkata, West Bengal","Esplanade, Kolkata, West Bengal",7801,1067,1456,2024-09-03 12:22:03
"Ballygunge, Kolkata, West Bengal","Esplanade, Kolkata, West Bengal",7801,1067,1517,2024-09-03 13:22:03
"Ballygunge, Kolkata, West Bengal","Esplanade, Kolkata, West Bengal",7801,1067,1314,2024-09-03 14:22:03
"Ballygunge, Kolkata, West Bengal","Esplanade, Kolkata, West Bengal",7801,1067,1081,2024-09-03 15:22:03
"Ballygunge, Kolkata, West Bengal","Esplanade, Kolkata, West Bengal",7801,1067,945,2024-09-03 16:22:03
"Ruby General Hospital, Kolkata, West Bengal","Netaji Subhash Chandra Bose International Airport, Kolkata, West Bengal",18286,2112,1795,2024-09-02 17:22:03
"Ruby General Hospital, Kolkata, West Bengal","Netaji Subhash Chandra Bose International Airport, Kolkata, West Bengal",18286,2112,1748,2024-09-02 18:22:03
"Ruby General Hospital, Kolkata, West Bengal","Netaji Subhash Chandra Bose International Airport, Kolkata, West Bengal",18286,2112,1623,2024-09-02 19:22:03
"Ruby General Hospital, Kolkata, West Bengal","Netaji Subhash Chandra Bose International Airport, Kolkata, West Bengal",18286,2112,1558,2024-09-02 20:22:03
"Ruby General Hospital, Kolkata, West Bengal","Netaji Subhash Chandra Bose International Airport, Kolkata, West Bengal",18286,2112,1497,2024-09-02 21:22:03
"Ruby General Hospital, Kolkata, West Bengal","Netaji Subhash Chandra Bose International Airport, Kolkata, West Bengal",18286,2112,1474,2024-09-02 22:22:03
"Ruby General Hospital, Kolkata, West Bengal","Netaji Subhash Chandra Bose International Airport, Kolkata, West Bengal",18286,2112,1458,2024-09-02 23:22:03
"Ruby General Hospital, Kolkata, West Bengal","Netaji Subhash Chandra Bose International Airport, Kolkata, West Bengal",18286,2112,1585,2024-09-03 00:22:03
"Ruby General Hospital, Kolkata, West Bengal","Netaji Subhash Chandra Bose International Airport, Kolkata, West Bengal",18286,2112,1730,2024-09-03 01:22:03
"Ruby General Hospital, Kolkata, West Bengal","Netaji Subhash Chandra Bose International Airport, Kolkata, West Bengal",18286,2112,1948,2024-09-03 02:22:03
"Ruby General Hospital, Kolkata, West Bengal","Netaji Subhash Chandra Bose International Airport, Kolkata, West Bengal",18286,2112,2323,2024-09-03 03:22:03
"Ruby General Hospital, Kolkata, West Bengal","Netaji Subhash Chandra Bose International Airport, Kolkata, West Bengal",18286,2112,2851,2024-09-03 04:22:03
"Ruby General Hospital, Kolkata, West Bengal","Netaji Subhash Chandra Bose International Airport, Kolkata, West Bengal",18286,2112,2538,2024-09-03 05:22:03
"Ruby General Hospital, Kolkata, West Bengal","Netaji Subhash Chandra Bose International Airport, Kolkata, West Bengal",18286,2112,2391,2024-09-03 06:22:03
"Ruby General Hospital, Kolkata, West Bengal","Netaji Subhash Chandra Bose International Airport, Kolkata, West Bengal",18286,2112,2396,2024-09-03 07:22:03
"Ruby General Hospital, Kolkata, West Bengal","Netaji Subhash Chandra Bose International Airport, Kolkata, West Bengal",18286,2112,2419,2024-09-03 08:22:03
"Ruby General Hospital, Kolkata, West Bengal","Netaji Subhash Chandra Bose International Airport, Kolkata, West Bengal",18286,2112,2503,2024-09-03 09:22:03
"Ruby General Hospital, Kolkata, West Bengal","Netaji Subhash Chandra Bose International Airport, Kolkata, West Bengal",18286,2112,2450,2024-09-03 10:22:03
"Ruby General Hospital, Kolkata, West Bengal","Netaji Subhash Chandra Bose International Airport, Kolkata, West Bengal",18286,2112,2526,2024-09-03 11:22:03
"Ruby General Hospital, Kolkata, West Bengal","Netaji Subhash Chandra Bose International Airport, Kolkata, West Bengal",18286,2112,2812,2024-09-03 12:22:03
"Ruby General Hospital, Kolkata, West Bengal","Netaji Subhash Chandra Bose International Airport, Kolkata, West Bengal",18286,2112,3056,2024-09-03 13:22:03
"Ruby General Hospital, Kolkata, West Bengal","Netaji Subhash Chandra Bose International Airport, Kolkata, West Bengal",18286,2112,2755,2024-09-03 14:22:03
"Ruby General Hospital, Kolkata, West Bengal","Netaji Subhash Chandra Bose International Airport, Kolkata, West Bengal",18286,2112,2252,2024-09-03 15:22:03
"Ruby General Hospital, Kolkata, West Bengal","Netaji Subhash Chandra Bose International Airport, Kolkata, West Bengal",18286,2112,2032,2024-09-03 16:22:03
"Ruby General Hospital, Kolkata, West Bengal","New Town, Kolkata, West Bengal",14802,1734,1456,2024-09-02 17:22:03
"Ruby General Hospital, Kolkata, West Bengal","New Town, Kolkata, West Bengal",14802,1734,1445,2024-09-02 18:22:03
"Ruby General Hospital, Kolkata, West Bengal","New Town, Kolkata, West Bengal",14802,1734,1407,2024-09-02 19:22:03
"Ruby General Hospital, Kolkata, West Bengal","New Town, Kolkata, West Bengal",14802,1734,1373,2024-09-02 20:22:03
"Ruby General Hospital, Kolkata, West Bengal","New Town, Kolkata, West Bengal",14802,1734,1334,2024-09-02 21:22:03
"Ruby General Hospital, Kolkata, West Bengal","New Town, Kolkata, West Bengal",14802,1734,1315,2024-09-02 22:22:03
"Ruby General Hospital, Kolkata, West Bengal","New Town, Kolkata, West Bengal",14802,1734,1266,2024-09-02 23:22:03
"Ruby General Hospital, Kolkata, West Bengal","New Town, Kolkata, West Bengal",14802,1734,1325,2024-09-03 00:22:03
"Ruby General Hospital, Kolkata, West Bengal","New Town, Kolkata, West Bengal",14802,1734,1450,2024-09-03 01:22:03
"Ruby General Hospital, Kolkata, West Bengal","New Town, Kolkata, West Bengal",14802,1734,1680,2024-09-03 02:22:03
"Ruby General Hospital, Kolkata, West Bengal","New Town, Kolkata, West Bengal",14802,1734,2239,2024-09-03 03:22:03
"Ruby General Hospital, Kolkata, West Bengal","New Town, Kolkata, West Bengal",14802,1734,2766,2024-09-03 04:22:03
"Ruby General Hospital, Kolkata, West Bengal","New Town, Kolkata, West Bengal",14802,1734,2401,2024-09-03 05:22:03
"Ruby General Hospital, Kolkata, West Bengal","New Town, Kolkata, West Bengal",14802,1734,2265,2024-09-03 06:22:03
"Ruby General Hospital, Kolkata, West Bengal","New Town, Kolkata, West Bengal",14802,1734,1963,2024-09-03 07:22:03
"Ruby General Hospital, Kolkata, West Bengal","New Town, Kolkata, West Bengal",14802,1734,1994,2024-09-03 08:22:03
"Ruby General Hospital, Kolkata, West Bengal","New Town, Kolkata, West Bengal",14802,1734,1914,2024-09-03 09:22:03
"Ruby General Hospital, Kolkata, West Bengal","New Town, Kolkata, West Bengal",14802,1734,1920,2024-09-03 10:22:03
"Ruby General Hospital, Kolkata, West Bengal","New Town, Kolkata, West Bengal",14802,1734,1940,2024-09-03 11:22:03
"Ruby General Hospital, Kolkata, West Bengal","New Town, Kolkata, West Bengal",14802,1734,2177,2024-09-03 12:22:03
"Ruby General Hospital, Kolkata, West Bengal","New Town, Kolkata, West Bengal",14802,1734,2387,2024-09-03 13:22:03
"Ruby General Hospital, Kolkata, West Bengal","New Town, Kolkata, West Bengal",14802,1734,2045,2024-09-03 14:22:03
"Ruby General Hospital, Kolkata, West Bengal","New Town, Kolkata, West Bengal",14802,1734,1716,2024-09-03 15:22:03
"Ruby General Hospital, Kolkata, West Bengal","New Town, Kolkata, West Bengal",14802,1734,1603,2024-09-03 16:22:03
"Ruby General Hospital, Kolkata, West Bengal","Barasat, Kolkata, West Bengal",29363,3721,3930,2024-09-02 17:22:03
"Ruby General Hospital, Kolkata, West Bengal","Barasat, Kolkata, West Bengal",29363,3721,3106,2024-09-02 18:22:03
"Ruby General Hospital, Kolkata, West Bengal","Barasat, Kolkata, West Bengal",29363,3721,2840,2024-09-02 19:22:03
"Ruby General Hospital, Kolkata, West Bengal","Barasat, Kolkata, West Bengal",29363,3721,2702,2024-09-02 20:22:03
"Ruby General Hospital, Kolkata, West Bengal","Barasat, Kolkata, West Bengal",29363,3721,2632,2024-09-02 21:22:03
"Ruby General Hospital, Kolkata, West Bengal","Barasat, Kolkata, West Bengal",29363,3721,2573,2024-09-02 22:22:03
"Ruby General Hospital, Kolkata, West Bengal","Barasat, Kolkata, West Bengal",29363,3721,2549,2024-09-02 23:22:03
"Ruby General Hospital, Kolkata, West Bengal","Barasat, Kolkata, West Bengal",29363,3721,2822,2024-09-03 00:22:03
"Ruby General Hospital, Kolkata, West Bengal","Barasat, Kolkata, West Bengal",29363,3721,3217,2024-09-03 01:22:03
"Ruby General Hospital, Kolkata, West Bengal","Barasat, Kolkata, West Bengal",29363,3721,3729,2024-09-03 02:22:03
"Ruby General Hospital, Kolkata, West Bengal","Barasat, Kolkata, West Bengal",29363,3721,4337,2024-09-03 03:22:03
"Ruby General Hospital, Kolkata, West Bengal","Barasat, Kolkata, West Bengal",29363,3721,4872,2024-09-03 04:22:03
"Ruby General Hospital, Kolkata, West Bengal","Barasat, Kolkata, West Bengal",29363,3721,4636,2024-09-03 05:22:03
"Ruby General Hospital, Kolkata, West Bengal","Barasat, Kolkata, West Bengal",29363,3721,4490,2024-09-03 06:22:03
"Ruby General Hospital, Kolkata, West Bengal","Barasat, Kolkata, West Bengal",29363,3721,4539,2024-09-03 07:22:03
"Ruby General Hospital, Kolkata, West Bengal","Barasat, Kolkata, West Bengal",29363,3721,4430,2024-09-03 08:22:03
"Ruby General Hospital, Kolkata, West Bengal","Barasat, Kolkata, West Bengal",29363,3721,4386,2024-09-03 09:22:03
"Ruby General Hospital, Kolkata, West Bengal","Barasat, Kolkata, West Bengal",29363,3721,4381,2024-09-03 10:22:03
"Ruby General Hospital, Kolkata, West Bengal","Barasat, Kolkata, West Bengal",29363,3721,4451,2024-09-03 11:22:03
"Ruby General Hospital, Kolkata, West Bengal","Barasat, Kolkata, West Bengal",29363,3721,4726,2024-09-03 12:22:03
"Ruby General Hospital, Kolkata, West Bengal","Barasat, Kolkata, West Bengal",29363,3721,4971,2024-09-03 13:22:03
"Ruby General Hospital, Kolkata, West Bengal","Barasat, Kolkata, West Bengal",29363,3721,4528,2024-09-03 14:22:03
"Ruby General Hospital, Kolkata, West Bengal","Barasat, Kolkata, West Bengal",29363,3721,4237,2024-09-03 15:22:03
"Ruby General Hospital, Kolkata, West Bengal","Barasat, Kolkata, West Bengal",29363,3721,3836,2024-09-03 16:22:03
"Ruby General Hospital, Kolkata, West Bengal","Victoria Memorial, Kolkata, West Bengal",11832,1764,1450,2024-09-02 17:22:03
"Ruby General Hospital, Kolkata, West Bengal","Victoria Memorial, Kolkata, West Bengal",11832,1764,1374,2024-09-02 18:22:03
"Ruby General Hospital, Kolkata, West Bengal","Victoria Memorial, Kolkata, West Bengal",11832,1764,1298,2024-09-02 19:22:03
"Ruby General Hospital, Kolkata, West Bengal","Victoria Memorial, Kolkata, West Bengal",11832,1764,1242,2024-09-02 20:22:03
"Ruby General Hospital, Kolkata, West Bengal","Victoria Memorial, Kolkata, West Bengal",11832,1764,1194,2024-09-02 21:22:03
"Ruby General Hospital, Kolkata, West Bengal","Victoria Memorial, Kolkata, West Bengal",11832,1764,1181,2024-09-02 22:22:03
"Ruby General Hospital, Kolkata, West Bengal","Victoria Memorial, Kolkata, West Bengal",11832,1764,1221,2024-09-02 23:22:03
"Ruby General Hospital, Kolkata, West Bengal","Victoria Memorial, Kolkata, West Bengal",11978,1851,1349,2024-09-03 00:22:03
"Ruby General Hospital, Kolkata, West Bengal","Victoria Memorial, Kolkata, West Bengal",15196,1860,1539,2024-09-03 01:22:03
"Ruby General Hospital, Kolkata, West Bengal","Victoria Memorial, Kolkata, West Bengal",15196,1860,1745,2024-09-03 02:22:03
"Ruby General Hospital, Kolkata, West Bengal","Victoria Memorial, Kolkata, West Bengal",11676,1752,1924,2024-09-03 03:22:03
"Ruby General Hospital, Kolkata, West Bengal","Victoria Memorial, Kolkata, West Bengal",11676,1752,2379,2024-09-03 04:22:03
"Ruby General Hospital, Kolkata, West Bengal","Victoria Memorial, Kolkata, West Bengal",11676,1752,2449,2024-09-03 05:22:03
"Ruby General Hospital, Kolkata, West Bengal","Victoria Memorial, Kolkata, West Bengal",11676,1752,2316,2024-09-03 06:22:03
"Ruby General Hospital, Kolkata, West Bengal","Victoria Memorial, Kolkata, West Bengal",15196,1860,2287,2024-09-03 07:22:03
"Ruby General Hospital, Kolkata, West Bengal","Victoria Memorial, Kolkata, West Bengal",15196,1860,2390,2024-09-03 08:22:03
"Ruby General Hospital, Kolkata, West Bengal","Victoria Memorial, Kolkata, West Bengal",11978,1851,2271,2024-09-03 09:22:03
"Ruby General Hospital, Kolkata, West Bengal","Victoria Memorial, Kolkata, West Bengal",11978,1851,2297,2024-09-03 10:22:03
"Ruby General Hospital, Kolkata, West Bengal","Victoria Memorial, Kolkata, West Bengal",15196,1860,2240,2024-09-03 11:22:03
"Ruby General Hospital, Kolkata, West Bengal","Victoria Memorial, Kolkata, West Bengal",11978,1851,2461,2024-09-03 12:22:03
"Ruby General Hospital, Kolkata, West Bengal","Victoria Memorial, Kolkata, West Bengal",11978,1851,2310,2024-09-03 13:22:03
"Ruby General Hospital, Kolkata, West Bengal","Victoria Memorial, Kolkata, West Bengal",11978,1851,2068,2024-09-03 14:22:03
"Ruby General Hospital, Kolkata, West Bengal","Victoria Memorial, Kolkata, West Bengal",11978,1851,1824,2024-09-03 15:22:03
"Ruby General Hospital, Kolkata, West Bengal","Victoria Memorial, Kolkata, West Bengal",11832,1764,1573,2024-09-03 16:22:03
"Ruby General Hospital, Kolkata, West Bengal","Esplanade, Kolkata, West Bengal",10493,1449,1272,2024-09-02 17:22:03
"Ruby General Hospital, Kolkata, West Bengal","Esplanade, Kolkata, West Bengal",10493,1449,1198,2024-09-02 18:22:03
"Ruby General Hospital, Kolkata, West Bengal","Esplanade, Kolkata, West Bengal",10493,1449,1131,2024-09-02 19:22:03
"Ruby General Hospital, Kolkata, West Bengal","Esplanade, Kolkata, West Bengal",10493,1449,1101,2024-09-02 20:22:03
"Ruby General Hospital, Kolkata, West Bengal","Esplanade, Kolkata, West Bengal",10493,1449,1050,2024-09-02 21:22:03
"Ruby General Hospital, Kolkata, West Bengal","Esplanade, Kolkata, West Bengal",10493,1449,1013,2024-09-02 22:22:03
"Ruby General Hospital, Kolkata, West Bengal","Esplanade, Kolkata, West Bengal",10493,1449,981,2024-09-02 23:22:03
"Ruby General Hospital, Kolkata, West Bengal","Esplanade, Kolkata, West Bengal",10493,1449,1060,2024-09-03 00:22:03
"Ruby General Hospital, Kolkata, West Bengal","Esplanade, Kolkata, West Bengal",10493,1449,1157,2024-09-03 01:22:03
"Ruby General Hospital, Kolkata, West Bengal","Esplanade, Kolkata, West Bengal",13380,1468,1362,2024-09-03 02:22:03
"Ruby General Hospital, Kolkata, West Bengal","Esplanade, Kolkata, West Bengal",10493,1449,1523,2024-09-03 03:22:03
"Ruby General Hospital, Kolkata, West Bengal","Esplanade, Kolkata, West Bengal",13380,1468,1951,2024-09-03 04:22:03
"Ruby General Hospital, Kolkata, West Bengal","Esplanade, Kolkata, West Bengal",13380,1468,1865,2024-09-03 05:22:03
"Ruby General Hospital, Kolkata, West Bengal","Esplanade, Kolkata, West Bengal",13380,1468,1774,2024-09-03 06:22:03
"Ruby General Hospital, Kolkata, West Bengal","Esplanade, Kolkata, West Bengal",13380,1468,1726,2024-09-03 07:22:03
"Ruby General Hospital, Kolkata, West Bengal","Esplanade, Kolkata, West Bengal",13380,1468,1805,2024-09-03 08:22:03
"Ruby General Hospital, Kolkata, West Bengal","Esplanade, Kolkata, West Bengal",13380,1468,1671,2024-09-03 09:22:03
"Ruby General Hospital, Kolkata, West Bengal","Esplanade, Kolkata, West Bengal",13380,1468,1669,2024-09-03 10:22:03
"Ruby General Hospital, Kolkata, West Bengal","Esplanade, Kolkata, West Bengal",13380,1468,1658,2024-09-03 11:22:03
"Ruby General Hospital, Kolkata, West Bengal","Esplanade, Kolkata, West Bengal",13380,1468,1850,2024-09-03 12:22:03
"Ruby General Hospital, Kolkata, West Bengal","Esplanade, Kolkata, West Bengal",13380,1468,1909,2024-09-03 13:22:03
"Ruby General Hospital, Kolkata, West Bengal","Esplanade, Kolkata, West Bengal",13380,1468,1689,2024-09-03 14:22:03
"Ruby General Hospital, Kolkata, West Bengal","Esplanade, Kolkata, West Bengal",13380,1468,1429,2024-09-03 15:22:03
"Ruby General Hospital, Kolkata, West Bengal","Esplanade, Kolkata, West Bengal",13380,1468,1312,2024-09-03 16:22:03
"Jadavpur University, Kolkata, West Bengal","Netaji Subhash Chandra Bose International Airport, Kolkata, West Bengal",23250,2843,2244,2024-09-02 18:22:03
"Jadavpur University, Kolkata, West Bengal","Netaji Subhash Chandra Bose International Airport, Kolkata, West Bengal",23250,2843,2203,2024-09-02 19:22:03
"Jadavpur University, Kolkata, West Bengal","Netaji Subhash Chandra Bose International Airport, Kolkata, West Bengal",23250,2843,2120,2024-09-02 20:22:03
"Jadavpur University, Kolkata, West Bengal","Netaji Subhash Chandra Bose International Airport, Kolkata, West Bengal",23250,2843,2046,2024-09-02 21:22:03
"Jadavpur University, Kolkata, West Bengal","Netaji Subhash Chandra Bose International Airport, Kolkata, West Bengal",23250,2843,2000,2024-09-02 22:22:03
"Jadavpur University, Kolkata, West Bengal","Netaji Subhash Chandra Bose International Airport, Kolkata, West Bengal",23250,2843,1972,2024-09-02 23:22:03
"Jadavpur University, Kolkata, West Bengal","Netaji Subhash Chandra Bose International Airport, Kolkata, West Bengal",23250,2843,2143,2024-09-03 00:22:03
"Jadavpur University, Kolkata, West Bengal","Netaji Subhash Chandra Bose International Airport, Kolkata, West Bengal",23250,2843,2457,2024-09-03 01:22:03
"Jadavpur University, Kolkata, West Bengal","Netaji Subhash Chandra Bose International Airport, Kolkata, West Bengal",23250,2843,2938,2024-09-03 02:22:03
"Jadavpur University, Kolkata, West Bengal","Netaji Subhash Chandra Bose International Airport, Kolkata, West Bengal",23250,2843,3373,2024-09-03 03:22:03
"Jadavpur University, Kolkata, West Bengal","Netaji Subhash Chandra Bose International Airport, Kolkata, West Bengal",23250,2843,3754,2024-09-03 04:22:03
"Jadavpur University, Kolkata, West Bengal","Netaji Subhash Chandra Bose International Airport, Kolkata, West Bengal",23250,2843,3516,2024-09-03 05:22:03
"Jadavpur University, Kolkata, West Bengal","Netaji Subhash Chandra Bose International Airport, Kolkata, West Bengal",23250,2843,3688,2024-09-03 06:22:03
"Jadavpur University, Kolkata, West Bengal","Netaji Subhash Chandra Bose International Airport, Kolkata, West Bengal",23250,2843,3414,2024-09-03 07:22:03
"Jadavpur University, Kolkata, West Bengal","Netaji Subhash Chandra Bose International Airport, Kolkata, West Bengal",23250,2843,3704,2024-09-03 08:22:03
"Jadavpur University, Kolkata, West Bengal","Netaji Subhash Chandra Bose International Airport, Kolkata, West Bengal",23250,2843,3739,2024-09-03 09:22:03
"Jadavpur University, Kolkata, West Bengal","Netaji Subhash Chandra Bose International Airport, Kolkata, West Bengal",23250,2843,3695,2024-09-03 10:22:03
"Jadavpur University, Kolkata, West Bengal","Netaji Subhash Chandra Bose International Airport, Kolkata, West Bengal",23250,2843,3682,2024-09-03 11:22:03
"Jadavpur University, Kolkata, West Bengal","Netaji Subhash Chandra Bose International Airport, Kolkata, West Bengal",23250,2843,4087,2024-09-03 12:22:03
"Jadavpur University, Kolkata, West Bengal","Netaji Subhash Chandra Bose International Airport, Kolkata, West Bengal",23250,2843,4278,2024-09-03 13:22:03
"Jadavpur University, Kolkata, West Bengal","Netaji Subhash Chandra Bose International Airport, Kolkata, West Bengal",23250,2843,3747,2024-09-03 14:22:03
"Jadavpur University, Kolkata, West Bengal","Netaji Subhash Chandra Bose International Airport, Kolkata, West Bengal",23250,2843,3110,2024-09-03 15:22:03
"Jadavpur University, Kolkata, West Bengal","Netaji Subhash Chandra Bose International Airport, Kolkata, West Bengal",23250,2843,2723,2024-09-03 16:22:03
"Jadavpur University, Kolkata, West Bengal","New Town, Kolkata, West Bengal",19766,2465,1955,2024-09-02 18:22:03
"Jadavpur University, Kolkata, West Bengal","New Town, Kolkata, West Bengal",19766,2465,1975,2024-09-02 19:22:03
"Jadavpur University, Kolkata, West Bengal","New Town, Kolkata, West Bengal",19766,2465,1917,2024-09-02 20:22:03
"Jadavpur University, Kolkata, West Bengal","New Town, Kolkata, West Bengal",19766,2465,1867,2024-09-02 21:22:03
"Jadavpur University, Kolkata, West Bengal","New Town, Kolkata, West Bengal",19766,2465,1804,2024-09-02 22:22:03
"Jadavpur University, Kolkata, West Bengal","New Town, Kolkata, West Bengal",19766,2465,1763,2024-09-02 23:22:03
"Jadavpur University, Kolkata, West Bengal","New Town, Kolkata, West Bengal",19766,2465,1877,2024-09-03 00:22:03
"Jadavpur University, Kolkata, West Bengal","New Town, Kolkata, West Bengal",19766,2465,2170,2024-09-03 01:22:03
"Jadavpur University, Kolkata, West Bengal","New Town, Kolkata, West Bengal",19766,2465,2678,2024-09-03 02:22:03
"Jadavpur University, Kolkata, West Bengal","New Town, Kolkata, West Bengal",19766,2465,3327,2024-09-03 03:22:03
"Jadavpur University, Kolkata, West Bengal","New Town, Kolkata, West Bengal",19766,2465,3734,2024-09-03 04:22:03
"Jadavpur University, Kolkata, West Bengal","New Town, Kolkata, West Bengal",19766,2465,3393,2024-09-03 05:22:03
"Jadavpur University, Kolkata, West Bengal","New Town, Kolkata, West Bengal",20192,2484,3005,2024-09-03 06:22:03
"Jadavpur University, Kolkata, West Bengal","New Town, Kolkata, West Bengal",20192,2484,2893,2024-09-03 07:22:03
"Jadavpur University, Kolkata, West Bengal","New Town, Kolkata, West Bengal",20192,2484,2842,2024-09-03 08:22:03
"Jadavpur University, Kolkata, West Bengal","New Town, Kolkata, West Bengal",20192,2484,2823,2024-09-03 09:22:03
"Jadavpur University, Kolkata, West Bengal","New Town, Kolkata, West Bengal",20192,2484,2816,2024-09-03 10:22:03
"Jadavpur University, Kolkata, West Bengal","New Town, Kolkata, West Bengal",20192,2484,2989,2024-09-03 11:22:03
"Jadavpur University, Kolkata, West Bengal","New Town, Kolkata, West Bengal",20192,2484,3300,2024-09-03 12:22:03
"Jadavpur University, Kolkata, West Bengal","New Town, Kolkata, West Bengal",20192,2484,3510,2024-09-03 13:22:03
"Jadavpur University, Kolkata, West Bengal","New Town, Kolkata, West Bengal",20192,2484,2983,2024-09-03 14:22:03
"Jadavpur University, Kolkata, West Bengal","New Town, Kolkata, West Bengal",19766,2465,2556,2024-09-03 15:22:03
"Jadavpur University, Kolkata, West Bengal","New Town, Kolkata, West Bengal",19766,2465,2316,2024-09-03 16:22:03
"Jadavpur University, Kolkata, West Bengal","Barasat, Kolkata, West Bengal",34327,4452,3581,2024-09-02 18:22:03
"Jadavpur University, Kolkata, West Bengal","Barasat, Kolkata, West Bengal",34327,4452,3393,2024-09-02 19:22:03
"Jadavpur University, Kolkata, West Bengal","Barasat, Kolkata, West Bengal",34327,4452,3170,2024-09-02 20:22:03
"Jadavpur University, Kolkata, West Bengal","Barasat, Kolkata, West Bengal",34327,4452,3073,2024-09-02 21:22:03
"Jadavpur University, Kolkata, West Bengal","Barasat, Kolkata, West Bengal",34327,4452,3043,2024-09-02 22:22:03
"Jadavpur University, Kolkata, West Bengal","Barasat, Kolkata, West Bengal",34327,4452,3002,2024-09-02 23:22:03
"Jadavpur University, Kolkata, West Bengal","Barasat, Kolkata, West Bengal",34327,4452,3364,2024-09-03 00:22:03
"Jadavpur University, Kolkata, West Bengal","Barasat, Kolkata, West Bengal",34327,4452,3913,2024-09-03 01:22:03
"Jadavpur University, Kolkata, West Bengal","Barasat, Kolkata, West Bengal",34327,4452,4500,2024-09-03 02:22:03
"Jadavpur University, Kolkata, West Bengal","Barasat, Kolkata, West Bengal",34327,4452,5143,2024-09-03 03:22:03
"Jadavpur University, Kolkata, West Bengal","Barasat, Kolkata, West Bengal",34327,4452,5557,2024-09-03 04:22:03
"Jadavpur University, Kolkata, West Bengal","Barasat, Kolkata, West Bengal",34327,4452,5390,2024-09-03 05:22:03
"Jadavpur University, Kolkata, West Bengal","Barasat, Kolkata, West Bengal",34327,4452,5530,2024-09-03 06:22:03
"Jadavpur University, Kolkata, West Bengal","Barasat, Kolkata, West Bengal",34327,4452,5360,2024-09-03 07:22:03
"Jadavpur University, Kolkata, West Bengal","Barasat, Kolkata, West Bengal",34327,4452,5450,2024-09-03 08:22:03
"Jadavpur University, Kolkata, West Bengal","Barasat, Kolkata, West Bengal",34327,4452,5397,2024-09-03 09:22:03
"Jadavpur University, Kolkata, West Bengal","Barasat, Kolkata, West Bengal",34327,4452,5403,2024-09-03 10:22:03
"Jadavpur University, Kolkata, West Bengal","Barasat, Kolkata, West Bengal",34327,4452,5466,2024-09-03 11:22:03
"Jadavpur University, Kolkata, West Bengal","Barasat, Kolkata, West Bengal",34327,4452,5985,2024-09-03 12:22:03
"Jadavpur University, Kolkata, West Bengal","Barasat, Kolkata, West Bengal",34327,4452,6290,2024-09-03 13:22:03
"Jadavpur University, Kolkata, West Bengal","Barasat, Kolkata, West Bengal",34327,4452,5506,2024-09-03 14:22:03
"Jadavpur University, Kolkata, West Bengal","Barasat, Kolkata, West Bengal",34327,4452,4892,2024-09-03 15:22:03
"Jadavpur University, Kolkata, West Bengal","Barasat, Kolkata, West Bengal",34327,4452,4246,2024-09-03 16:22:03
"Jadavpur University, Kolkata, West Bengal","Victoria Memorial, Kolkata, West Bengal",9698,1864,1367,2024-09-02 18:22:03
"Jadavpur University, Kolkata, West Bengal","Victoria Memorial, Kolkata, West Bengal",9698,1864,1298,2024-09-02 19:22:03
"Jadavpur University, Kolkata, West Bengal","Victoria Memorial, Kolkata, West Bengal",9698,1864,1226,2024-09-02 20:22:03
"Jadavpur University, Kolkata, West Bengal","Victoria Memorial, Kolkata, West Bengal",9698,1864,1185,2024-09-02 21:22:03
"Jadavpur University, Kolkata, West Bengal","Victoria Memorial, Kolkata, West Bengal",9698,1864,1149,2024-09-02 22:22:03
"Jadavpur University, Kolkata, West Bengal","Victoria Memorial, Kolkata, West Bengal",9813,1899,1186,2024-09-02 23:22:03
"Jadavpur University, Kolkata, West Bengal","Victoria Memorial, Kolkata, West Bengal",9813,1899,1322,2024-09-03 00:22:03
"Jadavpur University, Kolkata, West Bengal","Victoria Memorial, Kolkata, West Bengal",9813,1899,1766,2024-09-03 01:22:03
"Jadavpur University, Kolkata, West Bengal","Victoria Memorial, Kolkata, West Bengal",9813,1899,2071,2024-09-03 02:22:03
"Jadavpur University, Kolkata, West Bengal","Victoria Memorial, Kolkata, West Bengal",9813,1899,2086,2024-09-03 03:22:03
"Jadavpur University, Kolkata, West Bengal","Victoria Memorial, Kolkata, West Bengal",9542,1852,2307,2024-09-03 04:22:03
"Jadavpur University, Kolkata, West Bengal","Victoria Memorial, Kolkata, West Bengal",9542,1852,2443,2024-09-03 05:22:03
"Jadavpur University, Kolkata, West Bengal","Victoria Memorial, Kolkata, West Bengal",9542,1852,2751,2024-09-03 06:22:03
"Jadavpur University, Kolkata, West Bengal","Victoria Memorial, Kolkata, West Bengal",9813,1899,2597,2024-09-03 07:22:03
"Jadavpur University, Kolkata, West Bengal","Victoria Memorial, Kolkata, West Bengal",9813,1899,2664,2024-09-03 08:22:03
"Jadavpur University, Kolkata, West Bengal","Victoria Memorial, Kolkata, West Bengal",9813,1899,2533,2024-09-03 09:22:03
"Jadavpur University, Kolkata, West Bengal","Victoria Memorial, Kolkata, West Bengal",9813,1899,2544,2024-09-03 10:22:03
"Jadavpur University, Kolkata, West Bengal","Victoria Memorial, Kolkata, West Bengal",9813,1899,2567,2024-09-03 11:22:03
"Jadavpur University, Kolkata, West Bengal","Victoria Memorial, Kolkata, West Bengal",9813,1899,2721,2024-09-03 12:22:03
"Jadavpur University, Kolkata, West Bengal","Victoria Memorial, Kolkata, West Bengal",9813,1899,2613,2024-09-03 13:22:03
"Jadavpur University, Kolkata, West Bengal","Victoria Memorial, Kolkata, West Bengal",9813,1899,2316,2024-09-03 14:22:03
"Jadavpur University, Kolkata, West Bengal","Victoria Memorial, Kolkata, West Bengal",9813,1899,2008,2024-09-03 15:22:03
"Jadavpur University, Kolkata, West Bengal","Victoria Memorial, Kolkata, West Bengal",9698,1864,1691,2024-09-03 16:22:03
"Jadavpur University, Kolkata, West Bengal","Esplanade, Kolkata, West Bengal",8359,1549,1189,2024-09-02 18:22:03
"Jadavpur University, Kolkata, West Bengal","Esplanade, Kolkata, West Bengal",8359,1549,1137,2024-09-02 19:22:03
"Jadavpur University, Kolkata, West Bengal","Esplanade, Kolkata, West Bengal",8359,1549,1083,2024-09-02 20:22:03
"Jadavpur University, Kolkata, West Bengal","Esplanade, Kolkata, West Bengal",8359,1549,1035,2024-09-02 21:22:03
"Jadavpur University, Kolkata, West Bengal","Esplanade, Kolkata, West Bengal",8359,1549,986,2024-09-02 22:22:03
"Jadavpur University, Kolkata, West Bengal","Esplanade, Kolkata, West Bengal",8359,1549,961,2024-09-02 23:22:03
"Jadavpur University, Kolkata, West Bengal","Esplanade, Kolkata, West Bengal",8359,1549,1063,2024-09-03 00:22:03
"Jadavpur University, Kolkata, West Bengal","Esplanade, Kolkata, West Bengal",8359,1549,1258,2024-09-03 01:22:03
"Jadavpur University, Kolkata, West Bengal","Esplanade, Kolkata, West Bengal",8359,1549,1621,2024-09-03 02:22:03
"Jadavpur University, Kolkata, West Bengal","Esplanade, Kolkata, West Bengal",8359,1549,1699,2024-09-03 03:22:03
"Jadavpur University, Kolkata, West Bengal","Esplanade, Kolkata, West Bengal",8359,1549,1933,2024-09-03 04:22:03
"Jadavpur University, Kolkata, West Bengal","Esplanade, Kolkata, West Bengal",8359,1549,2004,2024-09-03 05:22:03
"Jadavpur University, Kolkata, West Bengal","Esplanade, Kolkata, West Bengal",8359,1549,2345,2024-09-03 06:22:03
"Jadavpur University, Kolkata, West Bengal","Esplanade, Kolkata, West Bengal",11096,1622,2100,2024-09-03 07:22:03
"Jadavpur University, Kolkata, West Bengal","Esplanade, Kolkata, West Bengal",11096,1622,2306,2024-09-03 08:22:03
"Jadavpur University, Kolkata, West Bengal","Esplanade, Kolkata, West Bengal",11096,1622,2189,2024-09-03 09:22:03
"Jadavpur University, Kolkata, West Bengal","Esplanade, Kolkata, West Bengal",11096,1622,2109,2024-09-03 10:22:03
"Jadavpur University, Kolkata, West Bengal","Esplanade, Kolkata, West Bengal",11096,1622,2051,2024-09-03 11:22:03
"Jadavpur University, Kolkata, West Bengal","Esplanade, Kolkata, West Bengal",11096,1622,2348,2024-09-03 12:22:03
"Jadavpur University, Kolkata, West Bengal","Esplanade, Kolkata, West Bengal",11096,1622,2397,2024-09-03 13:22:03
"Jadavpur University, Kolkata, West Bengal","Esplanade, Kolkata, West Bengal",11096,1622,1981,2024-09-03 14:22:03
"Jadavpur University, Kolkata, West Bengal","Esplanade, Kolkata, West Bengal",11096,1622,1651,2024-09-03 15:22:03
"Jadavpur University, Kolkata, West Bengal","Esplanade, Kolkata, West Bengal",8359,1549,1448,2024-09-03 16:22:03
"Salt Lake City, Kolkata, West Bengal","Netaji Subhash Chandra Bose International Airport, Kolkata, West Bengal",167158,12297,15615,2024-09-02 18:22:03
"Salt Lake City, Kolkata, West Bengal","Netaji Subhash Chandra Bose International Airport, Kolkata, West Bengal",167158,12297,14970,2024-09-02 19:22:03
"Salt Lake City, Kolkata, West Bengal","Netaji Subhash Chandra Bose International Airport, Kolkata, West Bengal",167158,12297,14127,2024-09-02 20:22:03
"Salt Lake City, Kolkata, West Bengal","Netaji Subhash Chandra Bose International Airport, Kolkata, West Bengal",167158,12297,13620,2024-09-02 21:22:03
"Salt Lake City, Kolkata, West Bengal","Netaji Subhash Chandra Bose International Airport, Kolkata, West Bengal",167158,12297,12855,2024-09-02 22:22:03
"Salt Lake City, Kolkata, West Bengal","Netaji Subhash Chandra Bose International Airport, Kolkata, West Bengal",167158,12297,12176,2024-09-02 23:22:03
"Salt Lake City, Kolkata, West Bengal","Netaji Subhash Chandra Bose International Airport, Kolkata, West Bengal",167158,12297,11791,2024-09-03 00:22:03
"Salt Lake City, Kolkata, West Bengal","Netaji Subhash Chandra Bose International Airport, Kolkata, West Bengal",167158,12297,11571,2024-09-03 01:22:03
"Salt Lake City, Kolkata, West Bengal","Netaji Subhash Chandra Bose International Airport, Kolkata, West Bengal",167158,12297,11525,2024-09-03 02:22:03
"Salt Lake City, Kolkata, West Bengal","Netaji Subhash Chandra Bose International Airport, Kolkata, West Bengal",167158,12297,11814,2024-09-03 03:22:03
"Salt Lake City, Kolkata, West Bengal","Netaji Subhash Chandra Bose International Airport, Kolkata, West Bengal",167158,12297,12157,2024-09-03 04:22:03
"Salt Lake City, Kolkata, West Bengal","Netaji Subhash Chandra Bose International Airport, Kolkata, West Bengal",167158,12297,11950,2024-09-03 05:22:03
"Salt Lake City, Kolkata, West Bengal","Netaji Subhash Chandra Bose International Airport, Kolkata, West Bengal",167158,12297,11809,2024-09-03 06:22:03
"Salt Lake City, Kolkata, West Bengal","Netaji Subhash Chandra Bose International Airport, Kolkata, West Bengal",167158,12297,11520,2024-09-03 07:22:03
"Salt Lake City, Kolkata, West Bengal","Netaji Subhash Chandra Bose International Airport, Kolkata, West Bengal",167158,12297,11437,2024-09-03 08:22:03
"Salt Lake City, Kolkata, West Bengal","Netaji Subhash Chandra Bose International Airport, Kolkata, West Bengal",167158,12297,11564,2024-09-03 09:22:03
"Salt Lake City, Kolkata, West Bengal","Netaji Subhash Chandra Bose International Airport, Kolkata, West Bengal",167158,12297,11974,2024-09-03 10:22:03
"Salt Lake City, Kolkata, West Bengal","Netaji Subhash Chandra Bose International Airport, Kolkata, West Bengal",167158,12297,13428,2024-09-03 11:22:03
"Salt Lake City, Kolkata, West Bengal","Netaji Subhash Chandra Bose International Airport, Kolkata, West Bengal",167158,12297,14172,2024-09-03 12:22:03
"Salt Lake City, Kolkata, West Bengal","Netaji Subhash Chandra Bose International Airport, Kolkata, West Bengal",167158,12297,14572,2024-09-03 13:22:03
"Salt Lake City, Kolkata, West Bengal","Netaji Subhash Chandra Bose International Airport, Kolkata, West Bengal",167158,12297,14602,2024-09-03 14:22:03
"Salt Lake City, Kolkata, West Bengal","Netaji Subhash Chandra Bose International Airport, Kolkata, West Bengal",167158,12297,15175,2024-09-03 15:22:03
"Salt Lake City, Kolkata, West Bengal","Netaji Subhash Chandra Bose International Airport, Kolkata, West Bengal",167158,12297,15667,2024-09-03 16:22:03
"Salt Lake City, Kolkata, West Bengal","New Town, Kolkata, West Bengal",178701,13755,16775,2024-09-02 18:22:03
"Salt Lake City, Kolkata, West Bengal","New Town, Kolkata, West Bengal",178701,13755,16102,2024-09-02 19:22:03
"Salt Lake City, Kolkata, West Bengal","New Town, Kolkata, West Bengal",178701,13755,15232,2024-09-02 20:22:03
"Salt Lake City, Kolkata, West Bengal","New Town, Kolkata, West Bengal",178701,13755,14864,2024-09-02 21:22:03
"Salt Lake City, Kolkata, West Bengal","New Town, Kolkata, West Bengal",178701,13755,14179,2024-09-02 22:22:03
"Salt Lake City, Kolkata, West Bengal","New Town, Kolkata, West Bengal",178701,13755,13541,2024-09-02 23:22:03
"Salt Lake City, Kolkata, West Bengal","New Town, Kolkata, West Bengal",178701,13755,13419,2024-09-03 00:22:03
"Salt Lake City, Kolkata, West Bengal","New Town, Kolkata, West Bengal",178701,13755,13377,2024-09-03 01:22:03
"Salt Lake City, Kolkata, West Bengal","New Town, Kolkata, West Bengal",178701,13755,13286,2024-09-03 02:22:03
"Salt Lake City, Kolkata, West Bengal","New Town, Kolkata, West Bengal",178701,13755,13499,2024-09-03 03:22:03
"Salt Lake City, Kolkata, West Bengal","New Town, Kolkata, West Bengal",178701,13755,13681,2024-09-03 04:22:03
"Salt Lake City, Kolkata, West Bengal","New Town, Kolkata, West Bengal",178701,13755,13471,2024-09-03 05:22:03
"Salt Lake City, Kolkata, West Bengal","New Town, Kolkata, West Bengal",178701,13755,13273,2024-09-03 06:22:03
"Salt Lake City, Kolkata, West Bengal","New Town, Kolkata, West Bengal",178701,13755,13036,2024-09-03 07:22:03
"Salt Lake City, Kolkata, West Bengal","New Town, Kolkata, West Bengal",178701,13755,13025,2024-09-03 08:22:03
"Salt Lake City, Kolkata, West Bengal","New Town, Kolkata, West Bengal",178701,13755,13196,2024-09-03 09:22:03
"Salt Lake City, Kolkata, West Bengal","New Town, Kolkata, West Bengal",178701,13755,13649,2024-09-03 10:22:03
"Salt Lake City, Kolkata, West Bengal","New Town, Kolkata, West Bengal",178701,13755,15006,2024-09-03 11:22:03
"Salt Lake City, Kolkata, West Bengal","New Town, Kolkata, West Bengal",178701,13755,15672,2024-09-03 12:22:03
"Salt Lake City, Kolkata, West Bengal","New Town, Kolkata, West Bengal",178701,13755,15936,2024-09-03 13:22:03
"Salt Lake City, Kolkata, West Bengal","New Town, Kolkata, West Bengal",178701,13755,15866,2024-09-03 14:22:03
"Salt Lake City, Kolkata, West Bengal","New Town, Kolkata, West Bengal",178701,13755,16390,2024-09-03 15:22:03
"Salt Lake City, Kolkata, West Bengal","New Town, Kolkata, West Bengal",178701,13755,16840,2024-09-03 16:22:03
"Salt Lake City, Kolkata, West Bengal","Barasat, Kolkata, West Bengal",176267,13592,16538,2024-09-02 18:22:03
"Salt Lake City, Kolkata, West Bengal","Barasat, Kolkata, West Bengal",176267,13592,15910,2024-09-02 19:22:03
"Salt Lake City, Kolkata, West Bengal","Barasat, Kolkata, West Bengal",176267,13592,15049,2024-09-02 20:22:03
"Salt Lake City, Kolkata, West Bengal","Barasat, Kolkata, West Bengal",176267,13592,14614,2024-09-02 21:22:03
"Salt Lake City, Kolkata, West Bengal","Barasat, Kolkata, West Bengal",176267,13592,13967,2024-09-02 22:22:03
"Salt Lake City, Kolkata, West Bengal","Barasat, Kolkata, West Bengal",176267,13592,13350,2024-09-02 23:22:03
"Salt Lake City, Kolkata, West Bengal","Barasat, Kolkata, West Bengal",176267,13592,12972,2024-09-03 00:22:03
"Salt Lake City, Kolkata, West Bengal","Barasat, Kolkata, West Bengal",176267,13592,12869,2024-09-03 01:22:03
"Salt Lake City, Kolkata, West Bengal","Barasat, Kolkata, West Bengal",176267,13592,12995,2024-09-03 02:22:03
"Salt Lake City, Kolkata, West Bengal","Barasat, Kolkata, West Bengal",176267,13592,13341,2024-09-03 03:22:03
"Salt Lake City, Kolkata, West Bengal","Barasat, Kolkata, West Bengal",176267,13592,13830,2024-09-03 04:22:03
"Salt Lake City, Kolkata, West Bengal","Barasat, Kolkata, West Bengal",176267,13592,13589,2024-09-03 05:22:03
"Salt Lake City, Kolkata, West Bengal","Barasat, Kolkata, West Bengal",176267,13592,13291,2024-09-03 06:22:03
"Salt Lake City, Kolkata, West Bengal","Barasat, Kolkata, West Bengal",176267,13592,12877,2024-09-03 07:22:03
"Salt Lake City, Kolkata, West Bengal","Barasat, Kolkata, West Bengal",176267,13592,12817,2024-09-03 08:22:03
"Salt Lake City, Kolkata, West Bengal","Barasat, Kolkata, West Bengal",176267,13592,13024,2024-09-03 09:22:03
"Salt Lake City, Kolkata, West Bengal","Barasat, Kolkata, West Bengal",176267,13592,13563,2024-09-03 10:22:03
"Salt Lake City, Kolkata, West Bengal","Barasat, Kolkata, West Bengal",176267,13592,15085,2024-09-03 11:22:03
"Salt Lake City, Kolkata, West Bengal","Barasat, Kolkata, West Bengal",177570,14574,15771,2024-09-03 12:22:03
"Salt Lake City, Kolkata, West Bengal","Barasat, Kolkata, West Bengal",176267,13592,16014,2024-09-03 13:22:03
"Salt Lake City, Kolkata, West Bengal","Barasat, Kolkata, West Bengal",176267,13592,15763,2024-09-03 14:22:03
"Salt Lake City, Kolkata, West Bengal","Barasat, Kolkata, West Bengal",177570,14574,16032,2024-09-03 15:22:03
"Salt Lake City, Kolkata, West Bengal","Barasat, Kolkata, West Bengal",177570,14574,16400,2024-09-03 16:22:03
"Salt Lake City, Kolkata, West Bengal","Victoria Memorial, Kolkata, West Bengal",168829,13163,15945,2024-09-02 18:22:03
"Salt Lake City, Kolkata, West Bengal","Victoria Memorial, Kolkata, West Bengal",168829,13163,15336,2024-09-02 19:22:03
"Salt Lake City, Kolkata, West Bengal","Victoria Memorial, Kolkata, West Bengal",168829,13163,14626,2024-09-02 20:22:03
"Salt Lake City, Kolkata, West Bengal","Victoria Memorial, Kolkata, West Bengal",168829,13163,14285,2024-09-02 21:22:03
"Salt Lake City, Kolkata, West Bengal","Victoria Memorial, Kolkata, West Bengal",169508,13300,13727,2024-09-02 22:22:03
"Salt Lake City, Kolkata, West Bengal","Victoria Memorial, Kolkata, West Bengal",169304,13182,12921,2024-09-02 23:22:03
"Salt Lake City, Kolkata, West Bengal","Victoria Memorial, Kolkata, West Bengal",169304,13182,12607,2024-09-03 00:22:03
"Salt Lake City, Kolkata, West Bengal","Victoria Memorial, Kolkata, West Bengal",169304,13182,12509,2024-09-03 01:22:03
"Salt Lake City, Kolkata, West Bengal","Victoria Memorial, Kolkata, West Bengal",169304,13182,12751,2024-09-03 02:22:03
"Salt Lake City, Kolkata, West Bengal","Victoria Memorial, Kolkata, West Bengal",169304,13182,12976,2024-09-03 03:22:03
"Salt Lake City, Kolkata, West Bengal","Victoria Memorial, Kolkata, West Bengal",169304,13182,13155,2024-09-03 04:22:03
"Salt Lake City, Kolkata, West Bengal","Victoria Memorial, Kolkata, West Bengal",169508,13300,13211,2024-09-03 05:22:03
"Salt Lake City, Kolkata, West Bengal","Victoria Memorial, Kolkata, West Bengal",169508,13300,13038,2024-09-03 06:22:03
"Salt Lake City, Kolkata, West Bengal","Victoria Memorial, Kolkata, West Bengal",169508,13300,12718,2024-09-03 07:22:03
"Salt Lake City, Kolkata, West Bengal","Victoria Memorial, Kolkata, West Bengal",169508,13300,12614,2024-09-03 08:22:03
"Salt Lake City, Kolkata, West Bengal","Victoria Memorial, Kolkata, West Bengal",169508,13300,12718,2024-09-03 09:22:03
"Salt Lake City, Kolkata, West Bengal","Victoria Memorial, Kolkata, West Bengal",169508,13300,13062,2024-09-03 10:22:03
"Salt Lake City, Kolkata, West Bengal","Victoria Memorial, Kolkata, West Bengal",169508,13300,14382,2024-09-03 11:22:03
"Salt Lake City, Kolkata, West Bengal","Victoria Memorial, Kolkata, West Bengal",169508,13300,15011,2024-09-03 12:22:03
"Salt Lake City, Kolkata, West Bengal","Victoria Memorial, Kolkata, West Bengal",168829,13163,15409,2024-09-03 13:22:03
"Salt Lake City, Kolkata, West Bengal","Victoria Memorial, Kolkata, West Bengal",168829,13163,15210,2024-09-03 14:22:03
"Salt Lake City, Kolkata, West Bengal","Victoria Memorial, Kolkata, West Bengal",168829,13163,15631,2024-09-03 15:22:03
"Salt Lake City, Kolkata, West Bengal","Victoria Memorial, Kolkata, West Bengal",168829,13163,16022,2024-09-03 16:22:03
"Salt Lake City, Kolkata, West Bengal","Esplanade, Kolkata, West Bengal",175470,13391,16531,2024-09-02 18:22:03
"Salt Lake City, Kolkata, West Bengal","Esplanade, Kolkata, West Bengal",175470,13391,15872,2024-09-02 19:22:03
"Salt Lake City, Kolkata, West Bengal","Esplanade, Kolkata, West Bengal",175470,13391,15012,2024-09-02 20:22:03
"Salt Lake City, Kolkata, West Bengal","Esplanade, Kolkata, West Bengal",175470,13391,14516,2024-09-02 21:22:03
"Salt Lake City, Kolkata, West Bengal","Esplanade, Kolkata, West Bengal",175470,13391,13727,2024-09-02 22:22:03
"Salt Lake City, Kolkata, West Bengal","Esplanade, Kolkata, West Bengal",175470,13391,13052,2024-09-02 23:22:03
"Salt Lake City, Kolkata, West Bengal","Esplanade, Kolkata, West Bengal",175470,13391,12583,2024-09-03 00:22:03
"Salt Lake City, Kolkata, West Bengal","Esplanade, Kolkata, West Bengal",175470,13391,12558,2024-09-03 01:22:03
"Salt Lake City, Kolkata, West Bengal","Esplanade, Kolkata, West Bengal",175470,13391,12768,2024-09-03 02:22:03
"Salt Lake City, Kolkata, West Bengal","Esplanade, Kolkata, West Bengal",175470,13391,13106,2024-09-03 03:22:03
"Salt Lake City, Kolkata, West Bengal","Esplanade, Kolkata, West Bengal",175470,13391,13437,2024-09-03 04:22:03
"Salt Lake City, Kolkata, West Bengal","Esplanade, Kolkata, West Bengal",175470,13391,13350,2024-09-03 05:22:03
"Salt Lake City, Kolkata, West Bengal","Esplanade, Kolkata, West Bengal",175470,13391,13190,2024-09-03 06:22:03
"Salt Lake City, Kolkata, West Bengal","Esplanade, Kolkata, West Bengal",175470,13391,12739,2024-09-03 07:22:03
"Salt Lake City, Kolkata, West Bengal","Esplanade, Kolkata, West Bengal",175470,13391,12557,2024-09-03 08:22:03
"Salt Lake City, Kolkata, West Bengal","Esplanade, Kolkata, West Bengal",175470,13391,12766,2024-09-03 09:22:03
"Salt Lake City, Kolkata, West Bengal","Esplanade, Kolkata, West Bengal",175470,13391,13176,2024-09-03 10:22:03
"Salt Lake City, Kolkata, West Bengal","Esplanade, Kolkata, West Bengal",175470,13391,14470,2024-09-03 11:22:03
"Salt Lake City, Kolkata, West Bengal","Esplanade, Kolkata, West Bengal",175470,13391,15374,2024-09-03 12:22:03
"Salt Lake City, Kolkata, West Bengal","Esplanade, Kolkata, West Bengal",175470,13391,16004,2024-09-03 13:22:03
"Salt Lake City, Kolkata, West Bengal","Esplanade, Kolkata, West Bengal",175470,13391,15715,2024-09-03 14:22:03
"Salt Lake City, Kolkata, West Bengal","Esplanade, Kolkata, West Bengal",175470,13391,16213,2024-09-03 15:22:03
"Salt Lake City, Kolkata, West Bengal","Esplanade, Kolkata, West Bengal",175470,13391,16650,2024-09-03 16:22:03
"Howrah Railway Station, Kolkata, West Bengal","Netaji Subhash Chandra Bose International Airport, Kolkata, West Bengal",15769,2449,1869,2024-09-02 18:22:03
"Howrah Railway Station, Kolkata, West Bengal","Netaji Subhash Chandra Bose International Airport, Kolkata, West Bengal",15769,2449,1653,2024-09-02 19:22:03
"Howrah Railway Station, Kolkata, West Bengal","Netaji Subhash Chandra Bose International Airport, Kolkata, West Bengal",15769,2449,1576,2024-09-02 20:22:03
"Howrah Railway Station, Kolkata, West Bengal","Netaji Subhash Chandra Bose International Airport, Kolkata, West Bengal",15769,2449,1571,2024-09-02 21:22:03
"Howrah Railway Station, Kolkata, West Bengal","Netaji Subhash Chandra Bose International Airport, Kolkata, West Bengal",15769,2449,1561,2024-09-02 22:22:03
"Howrah Railway Station, Kolkata, West Bengal","Netaji Subhash Chandra Bose International Airport, Kolkata, West Bengal",15769,2449,1656,2024-09-02 23:22:03
"Howrah Railway Station, Kolkata, West Bengal","Netaji Subhash Chandra Bose International Airport, Kolkata, West Bengal",15769,2449,1996,2024-09-03 00:22:03
"Howrah Railway Station, Kolkata, West Bengal","Netaji Subhash Chandra Bose International Airport, Kolkata, West Bengal",15769,2449,2099,2024-09-03 01:22:03
"Howrah Railway Station, Kolkata, West Bengal","Netaji Subhash Chandra Bose International Airport, Kolkata, West Bengal",15769,2449,2266,2024-09-03 02:22:03
"Howrah Railway Station, Kolkata, West Bengal","Netaji Subhash Chandra Bose International Airport, Kolkata, West Bengal",15769,2449,2587,2024-09-03 03:22:03
"Howrah Railway Station, Kolkata, West Bengal","Netaji Subhash Chandra Bose International Airport, Kolkata, West Bengal",15769,2449,2821,2024-09-03 04:22:03
"Howrah Railway Station, Kolkata, West Bengal","Netaji Subhash Chandra Bose International Airport, Kolkata, West Bengal",15769,2449,3107,2024-09-03 05:22:03
"Howrah Railway Station, Kolkata, West Bengal","Netaji Subhash Chandra Bose International Airport, Kolkata, West Bengal",15769,2449,3066,2024-09-03 06:22:03
"Howrah Railway Station, Kolkata, West Bengal","Netaji Subhash Chandra Bose International Airport, Kolkata, West Bengal",15769,2449,3065,2024-09-03 07:22:03
"Howrah Railway Station, Kolkata, West Bengal","Netaji Subhash Chandra Bose International Airport, Kolkata, West Bengal",15769,2449,2937,2024-09-03 08:22:03
"Howrah Railway Station, Kolkata, West Bengal","Netaji Subhash Chandra Bose International Airport, Kolkata, West Bengal",15769,2449,3050,2024-09-03 09:22:03
"Howrah Railway Station, Kolkata, West Bengal","Netaji Subhash Chandra Bose International Airport, Kolkata, West Bengal",15769,2449,3187,2024-09-03 10:22:03
"Howrah Railway Station, Kolkata, West Bengal","Netaji Subhash Chandra Bose International Airport, Kolkata, West Bengal",15769,2449,3462,2024-09-03 11:22:03
"Howrah Railway Station, Kolkata, West Bengal","Netaji Subhash Chandra Bose International Airport, Kolkata, West Bengal",15769,2449,3783,2024-09-03 12:22:03
"Howrah Railway Station, Kolkata, West Bengal","Netaji Subhash Chandra Bose International Airport, Kolkata, West Bengal",15769,2449,3890,2024-09-03 13:22:03
"Howrah Railway Station, Kolkata, West Bengal","Netaji Subhash Chandra Bose International Airport, Kolkata, West Bengal",15769,2449,3527,2024-09-03 14:22:03
"Howrah Railway Station, Kolkata, West Bengal","Netaji Subhash Chandra Bose International Airport, Kolkata, West Bengal",15769,2449,2946,2024-09-03 15:22:03
"Howrah Railway Station, Kolkata, West Bengal","Netaji Subhash Chandra Bose International Airport, Kolkata, West Bengal",15769,2449,2400,2024-09-03 16:22:03
"Howrah Railway Station, Kolkata, West Bengal","New Town, Kolkata, West Bengal",16511,2890,2183,2024-09-02 18:22:03
"Howrah Railway Station, Kolkata, West Bengal","New Town, Kolkata, West Bengal",16511,2890,2036,2024-09-02 19:22:03
"Howrah Railway Station, Kolkata, West Bengal","New Town, Kolkata, West Bengal",16511,2890,1985,2024-09-02 20:22:03
"Howrah Railway Station, Kolkata, West Bengal","New Town, Kolkata, West Bengal",16511,2890,1956,2024-09-02 21:22:03
"Howrah Railway Station, Kolkata, West Bengal","New Town, Kolkata, West Bengal",16511,2890,1968,2024-09-02 22:22:03
"Howrah Railway Station, Kolkata, West Bengal","New Town, Kolkata, West Bengal",16511,2890,2011,2024-09-02 23:22:03
"Howrah Railway Station, Kolkata, West Bengal","New Town, Kolkata, West Bengal",16511,2890,2379,2024-09-03 00:22:03
"Howrah Railway Station, Kolkata, West Bengal","New Town, Kolkata, West Bengal",16511,2890,2574,2024-09-03 01:22:03
"Howrah Railway Station, Kolkata, West Bengal","New Town, Kolkata, West Bengal",24131,2906,2795,2024-09-03 02:22:03
"Howrah Railway Station, Kolkata, West Bengal","New Town, Kolkata, West Bengal",16511,2890,3526,2024-09-03 03:22:03
"Howrah Railway Station, Kolkata, West Bengal","New Town, Kolkata, West Bengal",16511,2890,3648,2024-09-03 04:22:03
"Howrah Railway Station, Kolkata, West Bengal","New Town, Kolkata, West Bengal",24131,2906,3732,2024-09-03 05:22:03
"Howrah Railway Station, Kolkata, West Bengal","New Town, Kolkata, West Bengal",24131,2906,3479,2024-09-03 06:22:03
"Howrah Railway Station, Kolkata, West Bengal","New Town, Kolkata, West Bengal",16511,2890,3550,2024-09-03 07:22:03
"Howrah Railway Station, Kolkata, West Bengal","New Town, Kolkata, West Bengal",16511,2890,3483,2024-09-03 08:22:03
"Howrah Railway Station, Kolkata, West Bengal","New Town, Kolkata, West Bengal",16511,2890,3408,2024-09-03 09:22:03
"Howrah Railway Station, Kolkata, West Bengal","New Town, Kolkata, West Bengal",16511,2890,3545,2024-09-03 10:22:03
"Howrah Railway Station, Kolkata, West Bengal","New Town, Kolkata, West Bengal",24131,2906,3745,2024-09-03 11:22:03
"Howrah Railway Station, Kolkata, West Bengal","New Town, Kolkata, West Bengal",16511,2890,4177,2024-09-03 12:22:03
"Howrah Railway Station, Kolkata, West Bengal","New Town, Kolkata, West Bengal",16511,2890,3997,2024-09-03 13:22:03
"Howrah Railway Station, Kolkata, West Bengal","New Town, Kolkata, West Bengal",16511,2890,3601,2024-09-03 14:22:03
"Howrah Railway Station, Kolkata, West Bengal","New Town, Kolkata, West Bengal",24131,2906,2921,2024-09-03 15:22:03
"Howrah Railway Station, Kolkata, West Bengal","New Town, Kolkata, West Bengal",24131,2906,2666,2024-09-03 16:22:03
"Howrah Railway Station, Kolkata, West Bengal","Barasat, Kolkata, West Bengal",26846,4058,3211,2024-09-02 18:22:03
"Howrah Railway Station, Kolkata, West Bengal","Barasat, Kolkata, West Bengal",26846,4058,3025,2024-09-02 19:22:03
"Howrah Railway Station, Kolkata, West Bengal","Barasat, Kolkata, West Bengal",26846,4058,2860,2024-09-02 20:22:03
"Howrah Railway Station, Kolkata, West Bengal","Barasat, Kolkata, West Bengal",26846,4058,2773,2024-09-02 21:22:03
"Howrah Railway Station, Kolkata, West Bengal","Barasat, Kolkata, West Bengal",26846,4058,2800,2024-09-02 22:22:03
"Howrah Railway Station, Kolkata, West Bengal","Barasat, Kolkata, West Bengal",26846,4058,2853,2024-09-02 23:22:03
"Howrah Railway Station, Kolkata, West Bengal","Barasat, Kolkata, West Bengal",26846,4058,3296,2024-09-03 00:22:03
"Howrah Railway Station, Kolkata, West Bengal","Barasat, Kolkata, West Bengal",26846,4058,3650,2024-09-03 01:22:03
"Howrah Railway Station, Kolkata, West Bengal","Barasat, Kolkata, West Bengal",26846,4058,3966,2024-09-03 02:22:03
"Howrah Railway Station, Kolkata, West Bengal","Barasat, Kolkata, West Bengal",26846,4058,4434,2024-09-03 03:22:03
"Howrah Railway Station, Kolkata, West Bengal","Barasat, Kolkata, West Bengal",26846,4058,4708,2024-09-03 04:22:03
"Howrah Railway Station, Kolkata, West Bengal","Barasat, Kolkata, West Bengal",26846,4058,5027,2024-09-03 05:22:03
"Howrah Railway Station, Kolkata, West Bengal","Barasat, Kolkata, West Bengal",26846,4058,5135,2024-09-03 06:22:03
"Howrah Railway Station, Kolkata, West Bengal","Barasat, Kolkata, West Bengal",26846,4058,5204,2024-09-03 07:22:03
"Howrah Railway Station, Kolkata, West Bengal","Barasat, Kolkata, West Bengal",26846,4058,5004,2024-09-03 08:22:03
"Howrah Railway Station, Kolkata, West Bengal","Barasat, Kolkata, West Bengal",26846,4058,4853,2024-09-03 09:22:03
"Howrah Railway Station, Kolkata, West Bengal","Barasat, Kolkata, West Bengal",26846,4058,4883,2024-09-03 10:22:03
"Howrah Railway Station, Kolkata, West Bengal","Barasat, Kolkata, West Bengal",26846,4058,5143,2024-09-03 11:22:03
"Howrah Railway Station, Kolkata, West Bengal","Barasat, Kolkata, West Bengal",26846,4058,5364,2024-09-03 12:22:03
"Howrah Railway Station, Kolkata, West Bengal","Barasat, Kolkata, West Bengal",26846,4058,5532,2024-09-03 13:22:03
"Howrah Railway Station, Kolkata, West Bengal","Barasat, Kolkata, West Bengal",26846,4058,4979,2024-09-03 14:22:03
"Howrah Railway Station, Kolkata, West Bengal","Barasat, Kolkata, West Bengal",26846,4058,4643,2024-09-03 15:22:03
"Howrah Railway Station, Kolkata, West Bengal","Barasat, Kolkata, West Bengal",26846,4058,3997,2024-09-03 16:22:03
"Howrah Railway Station, Kolkata, West Bengal","Victoria Memorial, Kolkata, West Bengal",3645,944,651,2024-09-02 18:22:03
"Howrah Railway Station, Kolkata, West Bengal","Victoria Memorial, Kolkata, West Bengal",3645,944,571,2024-09-02 19:22:03
"Howrah Railway Station, Kolkata, West Bengal","Victoria Memorial, Kolkata, West Bengal",3645,944,564,2024-09-02 20:22:03
"Howrah Railway Station, Kolkata, West Bengal","Victoria Memorial, Kolkata, West Bengal",3645,944,585,2024-09-02 21:22:03
"Howrah Railway Station, Kolkata, West Bengal","Victoria Memorial, Kolkata, West Bengal",3645,944,609,2024-09-02 22:22:03
"Howrah Railway Station, Kolkata, West Bengal","Victoria Memorial, Kolkata, West Bengal",3645,944,637,2024-09-02 23:22:03
"Howrah Railway Station, Kolkata, West Bengal","Victoria Memorial, Kolkata, West Bengal",3645,944,767,2024-09-03 00:22:03
"Howrah Railway Station, Kolkata, West Bengal","Victoria Memorial, Kolkata, West Bengal",3645,944,742,2024-09-03 01:22:03
"Howrah Railway Station, Kolkata, West Bengal","Victoria Memorial, Kolkata, West Bengal",3645,944,826,2024-09-03 02:22:03
"Howrah Railway Station, Kolkata, West Bengal","Victoria Memorial, Kolkata, West Bengal",3645,944,878,2024-09-03 03:22:03
"Howrah Railway Station, Kolkata, West Bengal","Victoria Memorial, Kolkata, West Bengal",3645,944,945,2024-09-03 04:22:03
"Howrah Railway Station, Kolkata, West Bengal","Victoria Memorial, Kolkata, West Bengal",3645,944,1052,2024-09-03 05:22:03
"Howrah Railway Station, Kolkata, West Bengal","Victoria Memorial, Kolkata, West Bengal",3645,944,1158,2024-09-03 06:22:03
"Howrah Railway Station, Kolkata, West Bengal","Victoria Memorial, Kolkata, West Bengal",3645,944,1174,2024-09-03 07:22:03
"Howrah Railway Station, Kolkata, West Bengal","Victoria Memorial, Kolkata, West Bengal",3645,944,1184,2024-09-03 08:22:03
"Howrah Railway Station, Kolkata, West Bengal","Victoria Memorial, Kolkata, West Bengal",3645,944,1226,2024-09-03 09:22:03
"Howrah Railway Station, Kolkata, West Bengal","Victoria Memorial, Kolkata, West Bengal",3645,944,1314,2024-09-03 10:22:03
"Howrah Railway Station, Kolkata, West Bengal","Victoria Memorial, Kolkata, West Bengal",3645,944,1323,2024-09-03 11:22:03
"Howrah Railway Station, Kolkata, West Bengal","Victoria Memorial, Kolkata, West Bengal",3645,944,1347,2024-09-03 12:22:03
"Howrah Railway Station, Kolkata, West Bengal","Victoria Memorial, Kolkata, West Bengal",3645,944,1346,2024-09-03 13:22:03
"Howrah Railway Station, Kolkata, West Bengal","Victoria Memorial, Kolkata, West Bengal",3645,944,1267,2024-09-03 14:22:03
"Howrah Railway Station, Kolkata, West Bengal","Victoria Memorial, Kolkata, West Bengal",3645,944,1040,2024-09-03 15:22:03
"Howrah Railway Station, Kolkata, West Bengal","Victoria Memorial, Kolkata, West Bengal",3645,944,820,2024-09-03 16:22:03
"Howrah Railway Station, Kolkata, West Bengal","Esplanade, Kolkata, West Bengal",4176,910,653,2024-09-02 18:22:03
"Howrah Railway Station, Kolkata, West Bengal","Esplanade, Kolkata, West Bengal",4176,910,620,2024-09-02 19:22:03
"Howrah Railway Station, Kolkata, West Bengal","Esplanade, Kolkata, West Bengal",4176,910,603,2024-09-02 20:22:03
"Howrah Railway Station, Kolkata, West Bengal","Esplanade, Kolkata, West Bengal",4176,910,579,2024-09-02 21:22:03
"Howrah Railway Station, Kolkata, West Bengal","Esplanade, Kolkata, West Bengal",4176,910,596,2024-09-02 22:22:03
"Howrah Railway Station, Kolkata, West Bengal","Esplanade, Kolkata, West Bengal",4176,910,676,2024-09-02 23:22:03
"Howrah Railway Station, Kolkata, West Bengal","Esplanade, Kolkata, West Bengal",4176,910,822,2024-09-03 00:22:03
"Howrah Railway Station, Kolkata, West Bengal","Esplanade, Kolkata, West Bengal",4176,910,787,2024-09-03 01:22:03
"Howrah Railway Station, Kolkata, West Bengal","Esplanade, Kolkata, West Bengal",4176,910,836,2024-09-03 02:22:03
"Howrah Railway Station, Kolkata, West Bengal","Esplanade, Kolkata, West Bengal",4176,910,886,2024-09-03 03:22:03
"Howrah Railway Station, Kolkata, West Bengal","Esplanade, Kolkata, West Bengal",4176,910,986,2024-09-03 04:22:03
"Howrah Railway Station, Kolkata, West Bengal","Esplanade, Kolkata, West Bengal",4176,910,1084,2024-09-03 05:22:03
"Howrah Railway Station, Kolkata, West Bengal","Esplanade, Kolkata, West Bengal",4176,910,1144,2024-09-03 06:22:03
"Howrah Railway Station, Kolkata, West Bengal","Esplanade, Kolkata, West Bengal",4176,910,1171,2024-09-03 07:22:03
"Howrah Railway Station, Kolkata, West Bengal","Esplanade, Kolkata, West Bengal",4176,910,1199,2024-09-03 08:22:03
"Howrah Railway Station, Kolkata, West Bengal","Esplanade, Kolkata, West Bengal",4176,910,1182,2024-09-03 09:22:03
"Howrah Railway Station, Kolkata, West Bengal","Esplanade, Kolkata, West Bengal",4176,910,1291,2024-09-03 10:22:03
"Howrah Railway Station, Kolkata, West Bengal","Esplanade, Kolkata, West Bengal",4176,910,1350,2024-09-03 11:22:03
"Howrah Railway Station, Kolkata, West Bengal","Esplanade, Kolkata, West Bengal",4176,910,1440,2024-09-03 12:22:03
"Howrah Railway Station, Kolkata, West Bengal","Esplanade, Kolkata, West Bengal",4176,910,1459,2024-09-03 13:22:03
"Howrah Railway Station, Kolkata, West Bengal","Esplanade, Kolkata, West Bengal",4176,910,1210,2024-09-03 14:22:03
"Howrah Railway Station, Kolkata, West Bengal","Esplanade, Kolkata, West Bengal",4176,910,942,2024-09-03 15:22:03
"Howrah Railway Station, Kolkata, West Bengal","Esplanade, Kolkata, West Bengal",4176,910,830,2024-09-03 16:22:03
